Entry Time,Entry,Type,Risk,Stoploss,Takeprofit,Size,Exit Time,Exit,Gross_PnL,Commision + slippage,Net_PnL,Reason exit,CumPnL,Equity,Peak,Drawdown,DrawdownPct,Return
2026-08-13 09:44:00-04:00,776.297622,Long,0.91,775.39,778.3,110.0,2026-08-13 10:04:00-04:00,778.22217,220.26157999998986,9.661299999999999,210.60027999999548,TP,210.60027999999548,10210.600279999995,10210.600279999995,0.0,0.0,0.02106002799999951
2026-08-14 09:52:00-04:00,778.547847,Long,0.39,778.16,779.41,256.0,2026-08-14 09:56:00-04:00,778.082184,-99.2888320000202,22.480895999999998,-121.76972800001619,SL,88.83055199997929,10088.83055199998,10210.600279999995,-121.76972800001568,-0.011925814806258945,-0.011925814806258983
2026-08-14 10:20:00-04:00,777.572235,Short,0.57,778.14,776.32,175.0,2026-08-14 11:20:00-04:00,776.397632,219.14112499998737,15.3356,203.8055249999884,TP,292.6360769999677,10292.636076999968,10292.636076999968,0.0,0.0,0.020201104969454375
2026-08-18 09:56:00-04:00,768.443148,Short,0.37,768.81,767.63,270.0,2026-08-18 10:02:00-04:00,768.8868809999999,-99.05003999999849,23.45787,-122.50790999998704,SL,170.1281669999807,10170.12816699998,10292.636076999968,-122.50790999998753,-0.011902481452127214,-0.011902481452127245
2026-08-18 10:30:00-04:00,769.0268950000001,Long,0.37,768.66,769.84,270.0,2026-08-18 10:42:00-04:00,768.583134,-99.06165000003057,23.45382,-122.51547000002934,SL,47.61269699995135,10047.612696999951,10292.636076999968,-245.0233800000169,-0.023805697409971457,-0.012046600395614226
2026-08-20 10:00:00-04:00,766.543338,Short,0.35,766.89,765.77,286.0,2026-08-20 10:14:00-04:00,765.846577,221.17466799999056,24.761022,196.41364599997826,TP,244.02634299992962,10244.02634299993,10292.636076999968,-48.60973400003786,-0.004722768165160495,0.019548289919517403
2026-08-24 09:44:00-04:00,762.303762,Short,1.32,763.62,759.4,76.0,2026-08-24 09:56:00-04:00,763.696362,-100.03408799999988,6.563511999999999,-106.59760000000121,SL,137.42874299992843,10137.428742999928,10292.636076999968,-155.20733400004065,-0.015079454168875996,-0.010405830327920307
2026-08-26 10:24:00-04:00,765.103482,Short,0.72,765.82,763.52,139.0,2026-08-26 10:52:00-04:00,765.8965820000001,-99.59600200000898,12.034898,-111.6309000000132,SL,25.797842999915233,10025.797842999915,10292.636076999968,-266.8382340000535,-0.02592515969707051,-0.011011756810334727
2026-08-27 09:44:00-04:00,769.596952,Long,1.44,768.16,772.76,69.0,2026-08-27 09:46:00-04:00,768.083184,-99.14968800000133,5.990303999999999,-105.13999200000188,SL,-79.34214900008665,9920.657850999913,10292.636076999968,-371.97822600005566,-0.036140229113053174,-0.010486945143563964
2026-08-27 09:48:00-04:00,767.993193,Short,0.31,768.3,767.31,323.0,2026-08-27 09:50:00-04:00,768.3768299999999,-99.09866099997907,28.046089999999996,-127.14475099997024,SL,-206.4869000000569,9793.513099999944,10292.636076999968,-499.12297700002455,-0.04849321138589267,-0.012816161277767857
2026-08-28 09:42:00-04:00,772.757268,Long,0.74,772.02,774.39,135.0,2026-08-28 09:48:00-04:00,771.9427979999999,-99.5311799999962,11.77227,-111.30345000000383,SL,-317.7903500000607,9682.209649999939,10292.636076999968,-610.4264270000294,-0.059307102906717424,-0.011365017727908655
2026-08-28 09:54:00-04:00,771.662826,Short,0.31,771.97,770.98,323.0,2026-08-28 09:56:00-04:00,772.047197,-99.21720200001027,28.164631,-127.38183299999592,SL,-445.17218300005663,9554.827816999943,10292.636076999968,-737.8082600000253,-0.07168311931758077,-0.01315627709011613
2026-08-28 09:58:00-04:00,771.712821,Short,0.31,772.02,771.03,323.0,2026-08-28 10:00:00-04:00,772.097202,-99.2188170000062,28.166246,-127.38506300002449,SL,-572.5572460000811,9427.44275399992,10292.636076999968,-865.1933230000486,-0.0840594495450411,-0.013332010313506615
2026-08-31 09:44:00-04:00,766.073385,Short,0.66,766.73,764.62,152.0,2026-08-31 13:50:00-04:00,766.806673,-99.80547999999817,13.174296,-112.97977600000242,SL,-685.5370220000835,9314.462977999916,10292.636076999968,-978.1730990000524,-0.09503620760340377,-0.011984138111267528
2026-09-02 09:52:00-04:00,762.556248,Long,0.31,762.25,763.24,323.0,2026-09-02 09:54:00-04:00,762.173775,-98.91810399999429,27.850675,-126.76877900000146,SL,-812.305801000085,9187.694198999914,10292.636076999968,-1104.9418780000542,-0.10735266162467055,-0.013609885969746216
2026-09-03 09:46:00-04:00,769.946987,Long,0.96,768.99,772.06,104.0,2026-09-03 10:00:00-04:00,768.913101,-99.52664800000275,9.037496,-108.56414400000544,SL,-920.8699450000904,9079.13005499991,10292.636076999968,-1213.5060220000578,-0.11790041082981366,-0.011816255705574208
2026-09-04 10:00:00-04:00,771.992793,Short,0.32,772.31,771.29,312.0,2026-09-04 10:10:00-04:00,771.367129,219.27141600001323,27.184248,192.087168000009,TP,-728.7827770000814,9271.217222999918,10292.636076999968,-1021.4188540000505,-0.09923782851727593,0.02115700147881716
2026-09-08 09:40:00-04:00,767.433249,Short,1.38,768.81,764.4,72.0,2026-09-08 15:56:00-04:00,765.8065534667969,122.63533425000332,6.233255859375,127.42859010937832,EOD,-601.3541868907031,9398.645813109297,10292.636076999968,-893.9902638906715,-0.08685726933340152,0.013744537210632402
2026-09-09 10:16:00-04:00,763.173675,Short,0.53,763.7,762.01,189.0,2026-09-09 10:28:00-04:00,763.77637,-99.47542500000804,16.32393,-115.79935500000751,SL,-717.1535418907106,9282.846458109289,10292.636076999968,-1009.7896188906798,-0.09810796877849069,-0.01232085529156668
2026-09-10 09:54:00-04:00,756.964296,Short,1.09,758.05,754.57,92.0,2026-09-10 10:18:00-04:00,758.1258049999999,-99.88476799999671,7.89406,-107.77882799999172,SL,-824.9323698907023,9175.067630109297,10292.636076999968,-1117.568446890671,-0.10857941916240497,-0.011610536540312855
2026-09-10 10:24:00-04:00,759.5159440000001,Long,1.45,758.07,762.71,69.0,2026-09-10 12:10:00-04:00,757.994193,-99.77013600000373,5.920683,-105.69081900000748,SL,-930.6231888907098,9069.37681110929,10292.636076999968,-1223.2592658906779,-0.11884800518928147,-0.011519350402733552
2026-09-11 09:56:00-04:00,765.856578,Long,0.84,765.02,767.7,119.0,2026-09-11 10:06:00-04:00,764.943498,-99.55278200000373,10.293738,-109.84652000000432,SL,-1040.4697088907142,8959.530291109286,10292.636076999968,-1333.1057858906825,-0.12952034599471116,-0.012111804624265976
2026-09-14 10:28:00-04:00,758.7541170000001,Short,0.59,759.34,757.46,169.0,2026-09-14 11:04:00-04:00,759.415934,-99.01422699999443,14.522846,-113.53707299998786,SL,-1154.006781890702,8845.993218109297,10292.636076999968,-1446.642858890671,-0.14055124926872273,-0.012672212639612823
2026-09-15 10:02:00-04:00,758.834109,Short,0.57,759.4,757.58,175.0,2026-09-15 10:22:00-04:00,757.655758,219.46907499999497,15.00765,204.4614250000036,TP,-949.5453568906985,9050.454643109302,10292.636076999968,-1242.181433890666,-0.12068642324452311,0.02311345034511625
2026-09-16 09:50:00-04:00,760.316024,Long,0.9,759.42,762.3,111.0,2026-09-16 10:06:00-04:00,759.3440579999999,-99.45866400000125,9.539561999999998,-108.9982260000073,SL,-1058.5435828907057,8941.456417109293,10292.636076999968,-1351.1796598906749,-0.13127634648523473,-0.012043397851067783
2026-09-16 10:22:00-04:00,759.004092,Short,0.4,759.4,758.12,250.0,2026-09-16 10:38:00-04:00,759.4759399999999,-98.97699999999077,21.485,-120.46199999997725,SL,-1179.005582890683,8820.994417109318,10292.636076999968,-1471.6416598906508,-0.14298005378614295,-0.013472301869019265
2026-09-17 10:28:00-04:00,761.746167,Long,0.33,761.42,762.47,303.0,2026-09-17 10:46:00-04:00,761.343858,-98.82860100001665,26.101025999999997,-124.92962700001797,SL,-1303.935209890701,8696.0647901093,10292.636076999968,-1596.5712868906685,-0.15511782161018822,-0.01416276001237482
2026-09-18 09:50:00-04:00,760.273965,Short,0.69,760.96,758.76,145.0,2026-09-18 10:16:00-04:00,758.835876,219.52492499999778,12.45202,207.07290499999868,TP,-1096.8623048907023,8903.137695109297,10292.636076999968,-1389.4983818906712,-0.13499927244058096,0.023812254162999924
2026-09-21 09:52:00-04:00,767.456738,Long,0.84,766.62,769.3,119.0,2026-09-21 10:32:00-04:00,769.22307,219.3481779999978,10.344669999999999,209.00350800000405,TP,-887.8587968906982,9112.141203109302,10292.636076999968,-1180.494873890666,-0.11469315198354406,0.023475264020101028
2026-09-23 09:44:00-04:00,771.552837,Short,0.87,772.42,769.64,115.0,2026-09-23 10:10:00-04:00,769.716964,219.97625499999629,10.00086,209.9753949999991,TP,-677.883401890699,9322.116598109302,10292.636076999968,-970.5194788906665,-0.0942926060564212,0.02304347466963641
